person_id,person_name
https://data.stage.org/auth/4b9c65b85ab144d0b09d6b30898ca06e,Pierre Martin Oriol
https://data.stage.org/auth/982f848064104b68828714da4d9d8ffa,Jérémie Bernaert
https://data.stage.org/auth/530f6dcdf7344446a98facfadeb15af5,Baudouin Rencurel
https://data.stage.org/auth/429c19bfdd6842cda643a802a31004f7,Guillaume Bachelé
https://data.stage.org/auth/09bb51671559438f9d9d95c43028e043,Maxence Vandevelde
https://data.stage.org/auth/b7979fcd8b544401aea2563c63ec0b23,Julien Feryn
https://data.stage.org/auth/a3975fe2f4154b27ae815753e5c14313,Julien Gosselin
https://data.stage.org/auth/6e96b76a9ffd4565b211f380a289bc0b,Antoine Hespel
https://data.stage.org/auth/e9082cea584d440daffccd8371a74f3e,Lisetta Buccellato
https://data.stage.org/auth/dfa3baf1d2334977839fa6965e0f2f8c,Guillaume Lepert
https://data.stage.org/auth/1820e20689474da48f12270b66e26550,André Markowicz
https://data.stage.org/auth/0bd59f2a6b414fcc9ea13564bb68cbfb,Joseph Drouet
https://data.stage.org/auth/5f338bdd3fcc436e9888d2a79a1c2d77,Denis Eyriey
https://data.stage.org/auth/ce4bc285a5ac4f7e9e69f3acef35aa18,Carine Goron
https://data.stage.org/auth/14a8b0b03f6a4790b85b814b9f58eca1,Victoria Quesnel
https://data.stage.org/auth/502b6c069e0f4022ad912c5d1fabe4ec,Achille Reggiani
https://data.stage.org/auth/8d6d3b1ff39a45c2924a8f9d9320ef1d,Eddy D’aranjo
https://data.stage.org/auth/c3f83bb9a6084c2089b36937b526e147,Nicolas Joubert
https://data.stage.org/auth/8bd04cd0b1c34cf5b4c2065ad4f24b8c,Caroline Tavernier
https://data.stage.org/auth/e5410c26d36742068a07d2096b55bc71,Valérie Simmoneau
https://data.stage.org/auth/9aa122cc4ba94a6d8ae5e59b65a7df46,Salomé Vandendriessche
https://data.stage.org/auth/a2b71b4a31ab463cadfccc15a45e9cf6,Raphaël Oriol
https://data.stage.org/auth/7e29c80fa82c41ebb60d956b5d6f6d32,Alice de la Bouillerie
https://data.stage.org/auth/f103d868337f4555afb6e974308c05f8,Mélodie Adda
https://data.stage.org/auth/b6ff0c68b8e942cead55f860dc8cef0e,Rita Benmannana
https://data.stage.org/auth/77da8d2fd57a49a9a1f9a425fc793335,Juliette Cahon
https://data.stage.org/auth/97e2115d33d2492aa9702fc268a6732d,Alice Da Luz Gomes
https://data.stage.org/auth/1c1d161f1e7e4df5a226e5669bfb601d,Yanis Doinel
https://data.stage.org/auth/50c4d1801b0f4407a251e50ce9a8947a,Jules Finn
https://data.stage.org/auth/cc9ed840b59b4334bc8034b6965b4198,Violette Grimaud
https://data.stage.org/auth/05e80bb1e97148e8a26317a4da320fd1,Atefa Hesari
https://data.stage.org/auth/9da0d53c73d04dd3b4811f0f78e54be8,Jeanne Louis-Calixte
https://data.stage.org/auth/ed85dcb74c2b4b4fbea654cad86ea8d1,Yoann Thibaut Mathias
https://data.stage.org/auth/8b39c197667d4a78a2c7486bc3eb600b,Clara Pacini
https://data.stage.org/auth/8d129b9f4ed7490ba257e09bec407c85,Louis Pencréac’h
https://data.stage.org/auth/624320e9161f4e678d54759996f1a120,Lucile Rose
https://data.stage.org/auth/af63a9ce678a4f61a379f5434f9f6b93,Founémoussou Sissoko
https://data.stage.org/auth/2adfc7ed1caf46d8b80889120106ba31,Valérie Montagu
https://data.stage.org/auth/dafeeb1f982f4280b5f43d34e61f4317,Tsirihaka Harrivel
https://data.stage.org/auth/cfcacd3acc694ff4baf4e0c502575c4e,DMRA
https://data.stage.org/auth/f627552bc2774966b003546254423976,Rebeka Warrior
https://data.stage.org/auth/6ee514a21e1640548fe7683b505c4de4,Fiona Monbet
https://data.stage.org/auth/d4a5564774a6428593c88f9bd2443b4d,Romain Louveau / Miroirs Étendus
https://data.stage.org/auth/5861cb5305c143e9ae8cc066922887ae,Anaëlle Marsollier
https://data.stage.org/auth/550a3cbb645d4586af49fb7724667f1c,Vimala Pons
https://data.stage.org/auth/cdc7e32db02e45098937ffd724e98f3c,Benjamin Bertrand
https://data.stage.org/auth/71202e47fc0546e9b00afac6f5df9f2b,Marion Flament
https://data.stage.org/auth/5e4b6441fb754dfeb1514118db19fe32,Marc Chevillon
https://data.stage.org/auth/e3e7d04bc9354b7889b3ec4079068474,Sabianka Bencsik
https://data.stage.org/auth/fad1ee07d52a4ee5a5c885f14835018e,Joseph Decange
https://data.stage.org/auth/839e8e9c7dd144ecbaee969dc76132f8,Océane Deweirder
https://data.stage.org/auth/442528c9d8244421a31c67d55596c637,François Gardeil
https://data.stage.org/auth/8eb61db800904f758faa189f6e140174,Myriam Jarmache
https://data.stage.org/auth/6e8c174a265740c18073d00a9d93213b,Flor Paichard
https://data.stage.org/auth/7e745978d0ff4d4aa289b73d02a4de1b,Firoozeh Raeesdana
https://data.stage.org/auth/8eef8907ac5d4966a5deb39f85cf2cd3,Vic Requier
https://data.stage.org/auth/14894a60a31a45e69ce6797daece6754,Léa Trommenschlager
https://data.stage.org/auth/f0841d6bec4b4f95a82cf4340d1cd3c1,Arnaud Pierrel
https://data.stage.org/auth/4d6ed6ed596b481c93309e7c606388a5,Marie La Rocca
https://data.stage.org/auth/1b3de307bfc14878bf26b958e49fc433,Anne Tesson
https://data.stage.org/auth/a5db9e99f50849008c4bc9fb3484a245,Emeline Hervé
https://data.stage.org/auth/5676f63c00ec47f6acc3ab36193428cf,Charlotte Wallet
https://data.stage.org/auth/f4f310cf74504ff3b93c4cedfcdc4ec5,François Philippi
https://data.stage.org/auth/5032cc394a9344179f0fea9181e5022f,Solal Mazeran
https://data.stage.org/auth/a84d2fdd920e4ce5a60ab7f736d54595,Marie-José Malis
https://data.stage.org/auth/8655abdf570346ff9dcf61dbfa7e1d74,Jessy Ducatillon
https://data.stage.org/auth/73e5c1dffcdb4a5eafc1e2b54042ae4a,Adrien Marès
https://data.stage.org/auth/c69b86e87f764d06bb599aeb917c058f,Pascal Batigne
https://data.stage.org/auth/9436fdcbdd6c43738fd8e1a8e0e69bd8,Juan Crespillo
https://data.stage.org/auth/e8fd3dc419b5405482becc2f1aaf8376,Sylvia Etcheto
https://data.stage.org/auth/c1c226dbc44d4d44869c081196d7fadd,Olivier Horeau
https://data.stage.org/auth/1ef3a48693b948ebb6cc89e70e445120,Isabel Oed
https://data.stage.org/auth/7bc46980d3d14d8f8ad133069806ee11,Marguerite Duras
